community_area_number,name,slug,reddit_search_term,subreddit
1,Rogers Park,rogers_park,"rogers park chicago",r/RogersPark
2,West Ridge,west_ridge,"west ridge chicago",NA
3,Uptown,uptown,"uptown chicago",r/UptownChicago
4,Lincoln Square,lincoln_square,"lincoln square chicago",NA
5,North Center,north_center,"north center chicago",NA
6,Lake View,lake_view,"lakeview chicago",r/Lakeview_Chicago
7,Lincoln Park,lincoln_park,"lincoln park chicago",NA
8,Near North Side,near_north_side,"near north side chicago",NA
9,Edison Park,edison_park,"edison park chicago",NA
10,Norwood Park,norwood_park,"norwood park chicago",NA
11,Jefferson Park,jefferson_park,"jefferson park chicago",NA
12,Forest Glen,forest_glen,"forest glen chicago",NA
13,North Park,north_park,"north park chicago",NA
14,Albany Park,albany_park,"albany park chicago",NA
15,Portage Park,portage_park,"portage park chicago",NA
16,Irving Park,irving_park,"irving park chicago",NA
17,Dunning,dunning,"dunning chicago",NA
18,Montclare,montclare,"montclare chicago",NA
19,Belmont Cragin,belmont_cragin,"belmont cragin chicago",NA
20,Hermosa,hermosa,"hermosa chicago",NA
21,Avondale,avondale,"avondale chicago",NA
22,Logan Square,logan_square,"logan square chicago",r/LoganSquare
23,Humboldt Park,humboldt_park,"humboldt park chicago",NA
24,West Town,west_town,"west town wicker park chicago",r/WickerPark
25,Austin,austin,"austin chicago",NA
26,West Garfield Park,west_garfield_park,"west garfield park chicago",NA
27,East Garfield Park,east_garfield_park,"east garfield park chicago",NA
28,Near West Side,near_west_side,"near west side chicago",NA
29,North Lawndale,north_lawndale,"north lawndale chicago",NA
30,South Lawndale,south_lawndale,"pilsen little village chicago",r/Pilsen
31,Lower West Side,lower_west_side,"lower west side chicago",NA
32,Loop,loop,"loop chicago downtown",NA
33,Near South Side,near_south_side,"near south side chicago",NA
34,Armour Square,armour_square,"armour square chinatown chicago",NA
35,Douglas,douglas,"douglas bronzeville chicago",NA
36,Oakland,oakland,"oakland chicago",NA
37,Fuller Park,fuller_park,"fuller park chicago",NA
38,Grand Boulevard,grand_boulevard,"grand boulevard bronzeville chicago",NA
39,Kenwood,kenwood,"kenwood chicago",NA
40,Washington Park,washington_park,"washington park chicago",NA
41,Hyde Park,hyde_park,"hyde park chicago",r/HydeParkChicago
42,Woodlawn,woodlawn,"woodlawn chicago",NA
43,South Shore,south_shore,"south shore chicago",NA
44,Chatham,chatham,"chatham chicago",NA
45,Avalon Park,avalon_park,"avalon park chicago",NA
46,South Chicago,south_chicago,"south chicago neighborhood",NA
47,Burnside,burnside,"burnside chicago",NA
48,Calumet Heights,calumet_heights,"calumet heights chicago",NA
49,Roseland,roseland,"roseland chicago",NA
50,Pullman,pullman,"pullman chicago",NA
51,South Deering,south_deering,"south deering chicago",NA
52,East Side,east_side,"east side chicago",NA
53,West Pullman,west_pullman,"west pullman chicago",NA
54,Riverdale,riverdale,"riverdale chicago",NA
55,Hegewisch,hegewisch,"hegewisch chicago",NA
56,Garfield Ridge,garfield_ridge,"garfield ridge chicago",NA
57,Archer Heights,archer_heights,"archer heights chicago",NA
58,Brighton Park,brighton_park,"brighton park chicago",NA
59,McKinley Park,mckinley_park,"mckinley park chicago",NA
60,Bridgeport,bridgeport,"bridgeport chicago",NA
61,New City,new_city,"new city back of the yards chicago",NA
62,West Elsdon,west_elsdon,"west elsdon chicago",NA
63,Gage Park,gage_park,"gage park chicago",NA
64,Clearing,clearing,"clearing chicago",NA
65,West Lawn,west_lawn,"west lawn chicago",NA
66,Chicago Lawn,chicago_lawn,"chicago lawn marquette park",NA
67,West Englewood,west_englewood,"west englewood chicago",NA
68,Englewood,englewood,"englewood chicago",NA
69,Greater Grand Crossing,greater_grand_crossing,"greater grand crossing chicago",NA
70,Ashburn,ashburn,"ashburn chicago",NA
71,Auburn Gresham,auburn_gresham,"auburn gresham chicago",NA
72,Beverly,beverly,"beverly chicago",NA
73,Washington Heights,washington_heights,"washington heights chicago",NA
74,Mount Greenwood,mount_greenwood,"mount greenwood chicago",NA
75,Morgan Park,morgan_park,"morgan park chicago",NA
76,O'Hare,ohare,"o'hare chicago",NA
77,Edgewater,edgewater,"edgewater chicago",r/Edgewater_Chicago
